User_ID,First_Name,Surname,Email,Account_Password
1,Tessi,Heddan,theddan0@mtv.com,"uL3""ZvE$`+U"
2,Jedidiah,Naisey,jnaisey1@jimdo.com,"tC7$/hxu&_,aM"
3,Eleonore,Manhare,emanhare2@eepurl.com,rZ8+w#aoMjo~
4,Maisey,Munford,mmunford3@sphinn.com,"gC0!X1|,e<Js"
5,Hieronymus,Climo,hclimo4@mapquest.com,"nS1?05,vJLG|EAD"
6,Koren,Bowles,kbowles5@google.cn,"qT5""Ka\g"
7,Eric,Iacobassi,eiacobassi6@moonfruit.com,hL6+WJqsPG
8,Loralee,Swaysland,lswaysland7@prweb.com,aP1~Zh.`!Ov
9,Demott,Mariotte,dmariotte8@go.com,hK2\Ftna\5a7Yq
10,Zora,Linge,zlinge9@google.es,bH0$OY+P5U{p%*
11,Genvieve,Blant,gblanta@guardian.co.uk,zP9=#Ul6o
12,Carlee,Vernham,cvernhamb@statcounter.com,rC4.'V\\
13,Nona,Jacombs,njacombsc@reference.com,aX2.m0q3EtJ&#6_W
14,Rubi,Hadlow,rhadlowd@mlb.com,lF6_Qft8E
15,Franzen,Sevitt,fsevitte@omniture.com,jL0{w%8vmskfw\$
16,Anna-diane,Willoughey,awillougheyf@hao123.com,vS0%AD`yPa
17,Constantine,De Dantesie,cdedantesieg@com.com,fD3#ay<Ac!j
18,Koral,Swadlin,kswadlinh@dion.ne.jp,"zY4}=KTHNXh"""
19,Giordano,Snowdon,gsnowdoni@europa.eu,eO9~Q!V9=
20,Cesare,Po,cpoj@wikipedia.org,"bO9@+W{,|wU"
21,Bord,Chessel,bchesselk@twitpic.com,mX9~rT|f~r9IL
22,Jaymie,Ungerer,jungererl@npr.org,"eG7'}e?,#rt\k@Mn"
23,Frances,Tremellier,ftremellierm@columbia.edu,qO6&zRRiQ
24,Noelyn,Brideoke,nbrideoken@dot.gov,wR2+*q.DY<G>EYV
25,Hallie,Eilhersen,heilherseno@jalbum.net,cS3>\z03G1'D
26,Martguerita,Zack,mzackp@sina.com.cn,"iL5|g,zzk4"
27,Madelene,Riche,mricheq@nih.gov,sP4=}9zOnF?/J`
28,Lark,Sciusscietto,lsciussciettor@php.net,"yG4=exFD"""
29,Bastien,Bennie,bbennies@home.pl,nY7\T02g/F1{Py
30,Marybeth,Grent,mgrentt@bbc.co.uk,rL2%Tz/Yh&
31,Carey,Beazer,cbeazeru@lulu.com,xV1<|aCiNI{>H|*
32,Matty,Gerdts,mgerdtsv@shop-pro.jp,"uD9?'2H,@r_=Qusa"
33,Daveen,Wards,dwardsw@hao123.com,tC6l`>N<
34,Conn,Gilhouley,cgilhouleyx@ehow.com,fC7|=@bG!7
35,Klarrisa,Onion,koniony@soundcloud.com,uM4@c=40W
36,Carney,Morten,cmortenz@bravesites.com,fI7/rrFoo
37,Colly,Athowe,cathowe10@istockphoto.com,sU1{XHck?m
38,Erica,Spinley,espinley11@unicef.org,cK2&<Ajb'Y=rxR
39,Stanleigh,Mabb,smabb12@goo.ne.jp,mN9@>t.Rj
40,Sallie,Tall,stall13@tuttocitta.it,lG4=.`Jn
41,Rik,Labuschagne,rlabuschagne14@blogspot.com,mJ9~><h*Hy
42,Lonni,Strippel,lstrippel15@google.com,wR9#Z~C1VaN
43,Frederica,Estcourt,festcourt16@ucsd.edu,"eS2<f/,b0H*"
44,Merrill,Tourle,mtourle17@wordpress.org,uQ3#3~hapaN
45,Mireielle,Arnau,marnau18@indiatimes.com,cM7`d<y$wCdJ76e
46,Derby,Culbert,dculbert19@vinaora.com,"gJ9+""E+$'"
47,Cullen,Slyme,cslyme1a@networksolutions.com,"rE3~EBaL6NX,?"
48,Gibb,Goodby,ggoodby1b@dropbox.com,yT5@GV}7
49,Mignonne,Scullion,mscullion1c@youku.com,vI3|QKC0KiWt
50,Aubrette,Allett,aallett1d@npr.org,"tO3.2iWx5\""4QjP"
51,Staford,Szymon,sszymon1e@friendfeed.com,yX2>u+Asgr%Tc
52,Ahmed,Ell,aell1f@imageshack.us,"xM4=<1F""@"
53,Pearce,Parrish,pparrish1g@sphinn.com,tZ6\3WDuD`%|
54,Emerson,Musker,emusker1h@example.com,gZ2.&o$1|MbwW
55,Tabby,Leap,tleap1i@google.de,xZ1_DUQw5m@zH
56,Nerte,Lindholm,nlindholm1j@youtube.com,cS5'>Rs5d
57,Kamilah,Zavattiero,kzavattiero1k@nbcnews.com,eK4&gk+qgX=O<
58,Christin,O'Cridigan,cocridigan1l@godaddy.com,"dH3#v}O"""
59,Dario,Spollen,dspollen1m@usgs.gov,dL3~z8BP
60,Anselm,Ransley,aransley1n@microsoft.com,dP0'kT1!d
61,Luisa,Brand-Hardy,lbrandhardy1o@yellowbook.com,cQ7|AUxx_@C
62,Garrett,Schinetti,gschinetti1p@unc.edu,dU7\eM<TY$K
63,Aldridge,Bleeze,ableeze1q@moonfruit.com,pW0`p@}l2Q`m
64,Arvin,Bazoge,abazoge1r@cam.ac.uk,nN5@NZ}@5H&{t4.
65,Aeriela,Silver,asilver1s@webs.com,dL6$k5$i*
66,Alane,Griffey,agriffey1t@51.la,"jD6\w+""Ohd"
67,Sully,Trustie,strustie1u@yahoo.co.jp,"mI2,""X~/VXol"
68,Isak,Ussher,iussher1v@dell.com,"tC6+@Hpj""1vW.H"
69,Dulciana,Necolds,dnecolds1w@qq.com,zG5gsA/Tuv_I.{
70,Lock,Effaunt,leffaunt1x@cargocollective.com,zF5i69k0ee
71,Sabine,Field,sfield1y@1und1.de,dA8>ljx@*
72,Trent,Pinel,tpinel1z@nymag.com,dT7#1Ea%TL%
73,Carine,Stathers,cstathers20@mail.ru,mG0|DVX.
74,Jaquenette,Romme,jromme21@jiathis.com,xQ8\~vse%fY
75,Clare,McIndrew,cmcindrew22@yahoo.co.jp,zB9>_a*vq/Y3SiI
76,Atalanta,Gellan,agellan23@taobao.com,bJ8\Pbo#7rkoW7b
77,Barrie,Shegog,bshegog24@creativecommons.org,sV5u}I3
78,Sondra,Stallybrass,sstallybrass25@accuweather.com,mC7~XTR*okOcRsI
79,Ddene,Fenton,dfenton26@admin.ch,iE5*yxK.pS
80,Marshal,Churchin,mchurchin27@mlb.com,uM6*{hl3ovTu451
81,Alena,Brader,abrader28@rakuten.co.jp,eT0/\+H<&W9
82,Kissee,Paoloni,kpaoloni29@ftc.gov,pT7#Lu3_1
83,Colene,Chartman,cchartman2a@spotify.com,fZ8#$B?D=yz}
84,Eleanora,Gidman,egidman2b@altervista.org,cO5&tnT_U1LP9d
85,Miguel,Ughetti,mughetti2c@java.com,hW5\/bx$T+
86,Heywood,Creagh,hcreagh2d@i2i.jp,"sH5|Q,$U|{g"
87,Livvie,Toy,ltoy2e@newyorker.com,cX5=Ha+3
88,Chlo,Soff,csoff2f@netvibes.com,lA2?9/A&
89,Stace,Kybird,skybird2g@canalblog.com,kJ8P5F5
90,Welch,Gasson,wgasson2h@oakley.com,uL1>#p{RY
91,Margery,Nevet,mnevet2i@amazon.co.jp,iJ5&Yx1TFW
92,Bev,Parmenter,bparmenter2j@thetimes.co.uk,mX5*p@eYY%N/jK
93,Nevins,Brede,nbrede2k@marketwatch.com,cD3<!BwB
94,Crissie,Fenich,cfenich2l@facebook.com,tT3{LC4K`9q%zt'
95,Daphna,Jesper,djesper2m@furl.net,"iI1~""R=6iPr}G\"
96,Petronille,Donoher,pdonoher2n@yandex.ru,mO9@wLOSKFV6
97,Maighdiln,Swafford,mswafford2o@github.io,rN6#Rb9S=Hg
98,Francine,Boyer,fboyer2p@domainmarket.com,qX0|<H\`L*$AhK?5
99,Gui,Sallis,gsallis2q@vimeo.com,vH55HX\=W4|fW+
100,Lurette,Ailmer,lailmer2r@soundcloud.com,jF52dyt
